mixing,dielectric,ag_frac,t_m,bot,top,T_vis,eps_h,R_s,g,LSG,Ag,heating,cooling
ema,AZO,0.0,11.0,48.0,48.0,0.7687,0.0545,3.2,0.589,1.3,0.0,74.4,65.2
ema,AZO,0.05,9.0,59.0,48.0,0.7958,0.0635,3.69,0.63,1.26,0.0067,76.3,61.7
ema,AZO,0.1,9.0,59.0,48.0,0.7995,0.0609,3.38,0.632,1.27,0.0131,76.5,61.6
ema,AZO,0.15,9.0,59.0,48.0,0.8032,0.0591,3.19,0.634,1.27,0.0192,76.5,61.4
ema,AZO,0.2,9.0,59.0,48.0,0.8068,0.0579,3.06,0.635,1.27,0.0251,76.3,61.1
ema,AZO,0.25,9.0,48.0,48.0,0.8107,0.0573,2.98,0.645,1.26,0.0308,76.1,59.7
ema,AZO,0.3,9.0,48.0,48.0,0.8146,0.0566,2.92,0.647,1.26,0.0362,75.8,59.4
ema,AZO,0.35,9.0,15.0,37.0,0.8146,0.0526,2.95,0.651,1.25,0.0414,75.7,58.6
ema,AZO,0.4,9.0,15.0,37.0,0.8198,0.0522,2.92,0.653,1.26,0.0464,75.5,58.3
ema,AZO,0.45,9.0,15.0,37.0,0.8252,0.0519,2.91,0.655,1.26,0.0512,75.3,58.0
ema,AZO,0.5,9.0,15.0,37.0,0.8306,0.0518,2.91,0.657,1.26,0.0559,75.1,57.8
ema,AZO,0.55,9.0,15.0,37.0,0.8362,0.0518,2.92,0.659,1.27,0.0604,74.8,57.4
ema,AZO,0.6,9.0,15.0,37.0,0.8419,0.052,2.95,0.661,1.27,0.0647,74.4,57.0
ema,AZO,0.65,9.0,15.0,37.0,0.8477,0.0523,2.99,0.663,1.28,0.0688,73.9,56.6
ema,AZO,0.7,9.0,15.0,37.0,0.8536,0.0528,3.06,0.665,1.28,0.0729,73.4,56.2
ema,AZO,0.75,9.0,15.0,37.0,0.8596,0.0536,3.15,0.667,1.29,0.0768,72.8,55.7
ema,AZO,0.8,9.0,15.0,37.0,0.8656,0.0547,3.28,0.668,1.3,0.0805,72.1,55.2
ema,AZO,0.85,9.0,15.0,37.0,0.8717,0.0564,3.47,0.67,1.3,0.0842,71.3,54.6
ema,AZO,0.9,9.0,15.0,37.0,0.8776,0.0589,3.74,0.672,1.31,0.0877,70.3,53.9
ema,AZO,0.95,9.0,15.0,37.0,0.8833,0.0629,4.18,0.673,1.31,0.0911,68.9,53.0
ema,AZO,1.0,10.0,26.0,37.0,0.8801,0.0609,4.2,0.65,1.35,0.1049,65.2,52.8
ema,Si3N4,0.0,11.0,59.0,48.0,0.8593,0.0478,3.41,0.729,1.18,0.0,88.9,55.9
ema,Si3N4,0.05,11.0,59.0,48.0,0.8638,0.0428,2.98,0.732,1.18,0.0082,89.3,55.7
ema,Si3N4,0.1,10.0,59.0,48.0,0.8778,0.0456,3.13,0.76,1.16,0.0146,89.3,50.4
ema,Si3N4,0.15,10.0,59.0,48.0,0.8817,0.0434,2.95,0.762,1.16,0.0214,89.1,49.8
ema,Si3N4,0.2,10.0,59.0,48.0,0.8857,0.0419,2.82,0.764,1.16,0.0279,88.7,49.2
ema,Si3N4,0.25,9.0,59.0,48.0,0.8971,0.0471,3.17,0.791,1.13,0.0308,88.2,39.6
ema,Si3N4,0.3,9.0,59.0,48.0,0.9009,0.0462,3.09,0.793,1.14,0.0362,87.6,38.1
ema,Si3N4,0.35,10.0,59.0,48.0,0.8977,0.0394,2.63,0.77,1.17,0.046,87.0,47.2
ema,Si3N4,0.4,10.0,59.0,48.0,0.9018,0.039,2.61,0.773,1.17,0.0516,86.1,46.4
ema,Si3N4,0.45,10.0,59.0,48.0,0.906,0.0387,2.59,0.775,1.17,0.0569,85.0,45.6
ema,Si3N4,0.5,10.0,48.0,48.0,0.9007,0.0386,2.59,0.778,1.16,0.0621,83.8,43.6
ema,Si3N4,0.55,9.0,48.0,48.0,0.9085,0.0446,3.01,0.805,1.13,0.0604,82.8,25.6
ema,Si3N4,0.6,9.0,59.0,37.0,0.9001,0.0444,3.04,0.784,1.15,0.0647,81.7,40.5
ema,Si3N4,0.65,9.0,48.0,37.0,0.9032,0.0448,3.09,0.789,1.14,0.0688,80.5,37.8
ema,Si3N4,0.7,9.0,37.0,37.0,0.9048,0.0454,3.16,0.788,1.15,0.0729,79.2,38.2
ema,Si3N4,0.75,9.0,15.0,26.0,0.9004,0.0459,3.26,0.735,1.23,0.0768,78.0,50.4
ema,Si3N4,0.8,9.0,15.0,26.0,0.9076,0.0473,3.4,0.737,1.23,0.0805,76.6,49.5
ema,Si3N4,0.85,9.0,15.0,26.0,0.9148,0.0494,3.6,0.74,1.24,0.0842,75.1,48.7
ema,Si3N4,0.9,9.0,15.0,26.0,0.922,0.0525,3.9,0.742,1.24,0.0877,73.3,47.7
ema,Si3N4,0.95,9.0,15.0,26.0,0.9288,0.0574,4.37,0.745,1.25,0.0911,71.3,46.6
ema,Si3N4,1.0,10.0,15.0,26.0,0.9263,0.0568,4.44,0.717,1.29,0.1049,67.5,48.2
solid_solution,AZO,0.0,11.0,48.0,48.0,0.7687,0.0545,3.2,0.589,1.3,0.0,74.4,65.2
solid_solution,AZO,0.05,9.0,59.0,48.0,0.7941,0.073,4.82,0.629,1.26,0.0067,74.1,60.6
solid_solution,AZO,0.1,9.0,59.0,48.0,0.7968,0.0771,5.33,0.63,1.27,0.0131,72.8,59.7
solid_solution,AZO,0.15,9.0,59.0,48.0,0.7996,0.0807,5.76,0.63,1.27,0.0192,71.6,58.9
solid_solution,AZO,0.2,9.0,59.0,48.0,0.8026,0.0837,6.13,0.631,1.27,0.0251,70.5,58.1
solid_solution,AZO,0.25,9.0,59.0,48.0,0.8057,0.0862,6.44,0.632,1.27,0.0308,69.5,57.5
solid_solution,AZO,0.3,9.0,59.0,48.0,0.8089,0.0883,6.7,0.633,1.28,0.0362,68.7,56.9
solid_solution,AZO,0.35,10.0,48.0,48.0,0.8036,0.0822,6.17,0.619,1.3,0.046,67.9,57.7
solid_solution,AZO,0.4,10.0,48.0,48.0,0.8076,0.0833,6.31,0.621,1.3,0.0516,67.3,57.1
solid_solution,AZO,0.45,9.0,59.0,48.0,0.8194,0.0918,7.15,0.637,1.29,0.0512,66.7,55.3
solid_solution,AZO,0.5,9.0,59.0,48.0,0.8231,0.0921,7.2,0.638,1.29,0.0559,66.2,54.9
solid_solution,AZO,0.55,9.0,59.0,48.0,0.827,0.092,7.2,0.639,1.29,0.0604,65.8,54.5
solid_solution,AZO,0.6,9.0,59.0,48.0,0.8311,0.0915,7.15,0.641,1.3,0.0647,65.5,54.1
solid_solution,AZO,0.65,9.0,59.0,48.0,0.8353,0.0906,7.05,0.642,1.3,0.0688,65.2,53.8
solid_solution,AZO,0.7,9.0,59.0,48.0,0.8397,0.0893,6.9,0.644,1.3,0.0729,65.0,53.5
solid_solution,AZO,0.75,9.0,26.0,37.0,0.8508,0.09,7.12,0.662,1.29,0.0768,64.9,51.7
solid_solution,AZO,0.8,9.0,26.0,37.0,0.8573,0.0873,6.82,0.664,1.29,0.0805,65.1,51.6
solid_solution,AZO,0.85,9.0,26.0,37.0,0.864,0.084,6.47,0.667,1.3,0.0842,65.4,51.5
solid_solution,AZO,0.9,9.0,26.0,37.0,0.8711,0.0801,6.04,0.669,1.3,0.0877,65.8,51.5
solid_solution,AZO,0.95,9.0,15.0,37.0,0.8801,0.076,5.6,0.671,1.31,0.0911,66.3,51.7
solid_solution,AZO,1.0,10.0,26.0,37.0,0.8801,0.0609,4.2,0.65,1.35,0.1049,65.2,52.8
solid_solution,Si3N4,0.0,11.0,59.0,48.0,0.8593,0.0478,3.41,0.729,1.18,0.0,88.9,55.9
solid_solution,Si3N4,0.05,11.0,59.0,48.0,0.8622,0.054,3.99,0.729,1.18,0.0082,86.8,54.9
solid_solution,Si3N4,0.1,11.0,59.0,48.0,0.8653,0.0594,4.5,0.73,1.19,0.016,84.8,53.9
solid_solution,Si3N4,0.15,11.0,59.0,48.0,0.8686,0.064,4.95,0.731,1.19,0.0235,83.0,53.0
solid_solution,Si3N4,0.2,11.0,59.0,48.0,0.872,0.068,5.34,0.732,1.19,0.0307,81.4,52.1
solid_solution,Si3N4,0.25,11.0,59.0,48.0,0.8756,0.0713,5.67,0.733,1.19,0.0376,79.8,51.3
solid_solution,Si3N4,0.3,11.0,59.0,48.0,0.8793,0.074,5.94,0.735,1.2,0.0442,78.5,50.5
solid_solution,Si3N4,0.35,11.0,59.0,48.0,0.8832,0.0761,6.16,0.736,1.2,0.0506,77.2,49.7
solid_solution,Si3N4,0.4,11.0,59.0,48.0,0.8872,0.0777,6.32,0.738,1.2,0.0567,76.1,49.0
solid_solution,Si3N4,0.45,11.0,59.0,48.0,0.8914,0.0786,6.43,0.74,1.21,0.0626,75.1,48.3
solid_solution,Si3N4,0.5,11.0,59.0,48.0,0.8957,0.079,6.48,0.742,1.21,0.0683,74.1,47.5
solid_solution,Si3N4,0.55,11.0,59.0,48.0,0.9002,0.0789,6.47,0.744,1.21,0.0738,73.2,46.8
solid_solution,Si3N4,0.6,11.0,59.0,48.0,0.9049,0.0781,6.41,0.746,1.21,0.079,72.0,46.1
solid_solution,Si3N4,0.65,11.0,48.0,48.0,0.904,0.0768,6.3,0.751,1.2,0.0841,71.0,44.6
solid_solution,Si3N4,0.7,11.0,48.0,48.0,0.9094,0.0749,6.12,0.753,1.21,0.0891,70.0,43.8
solid_solution,Si3N4,0.75,10.0,37.0,37.0,0.9044,0.0815,6.73,0.757,1.2,0.0853,69.2,42.6
solid_solution,Si3N4,0.8,10.0,26.0,37.0,0.9054,0.0781,6.42,0.748,1.21,0.0895,68.7,43.9
solid_solution,Si3N4,0.85,10.0,15.0,37.0,0.9052,0.0741,6.03,0.734,1.23,0.0935,68.3,45.7
solid_solution,Si3N4,0.9,9.0,15.0,26.0,0.9162,0.0798,6.53,0.737,1.24,0.0877,68.2,45.9
solid_solution,Si3N4,0.95,9.0,15.0,26.0,0.9251,0.0737,5.94,0.741,1.25,0.0911,68.3,45.5
solid_solution,Si3N4,1.0,10.0,15.0,26.0,0.9263,0.0568,4.44,0.717,1.29,0.1049,67.5,48.2
